name,country,category,year,rating,description
Интерстеллар,США,фантастика,2014,8.2,"Когда засуха, пыльные бури и вымирание растений приводят человечество к продовольственному кризису, коллектив исследователей и учёных отправляется сквозь червоточину (которая предположительно соединяет области пространства-времени через большое расстояние) в путешествие, чтобы превзойти прежние ограничения для космических путешествий человека и найти планету с подходящими для человечества условиями."
Побег из Шоушенка,США,драма,1994,8.2,"Бухгалтер Энди Дюфрейн обвинён в убийстве собственной жены и её любовника. Оказавшись в тюрьме под названием Шоушенк, он сталкивается с жестокостью и беззаконием, царящими по обе стороны решётки. Каждый, кто попадает в эти стены, становится их рабом до конца жизни. Но Энди, обладающий живым умом и доброй душой, находит подход как к заключённым, так и к охранникам, добиваясь их особого к себе расположения."
1+1,Франция,драма,2011,8.2,"Пострадав в результате несчастного случая, богатый аристократ Филипп нанимает в помощники человека, который менее всего подходит для этой работы, – молодого жителя предместья Дрисса, только что освободившегося из тюрьмы. Несмотря на то, что Филипп прикован к инвалидному креслу, Дриссу удается привнести в размеренную жизнь аристократа дух приключений."
Джентльмены,США,криминал,2019,8.1,"Один ушлый американец ещё со студенческих лет приторговывал наркотиками, а теперь придумал схему нелегального обогащения с использованием поместий обедневшей английской аристократии и очень неплохо на этом разбогател. Другой пронырливый журналист приходит к Рэю, правой руке американца, и предлагает тому купить киносценарий, в котором подробно описаны преступления его босса при участии других представителей лондонского криминального мира — партнёра-еврея, китайской диаспоры, чернокожих спортсменов и даже русского олигарха."
Остров проклятых,США,триллер,2009,8.1,"Два американских судебных пристава отправляются на один из островов в штате Массачусетс, чтобы расследовать исчезновение пациентки клиники для умалишенных преступников. При проведении расследования им придется столкнуться с паутиной лжи, обрушившимся ураганом и смертельным бунтом обитателей клиники."
Зеленая миля,США,драма,1999,8.0,"Пол Эджкомб — начальник блока смертников в тюрьме «Холодная гора», каждый из узников которого однажды проходит «зеленую милю» по пути к месту казни. Пол повидал много заключённых и надзирателей за время работы. Однако гигант Джон Коффи, обвинённый в страшном преступлении, стал одним из самых необычных обитателей блока."
Терминатор 2: Судный день,США,фантастика,1991,8.0,"Прошло более десяти лет с тех пор, как киборг из 2029 года пытался уничтожить Сару Коннор — женщину, чей будущий сын выиграет войну человечества против машин."
Бойцовский клуб,США,триллер,1999,8.0,"Сотрудник страховой компании страдает хронической бессонницей и отчаянно пытается вырваться из мучительно скучной жизни. Однажды в очередной командировке он встречает некоего Тайлера Дёрдена — харизматического торговца мылом с извращенной философией. Тайлер уверен, что самосовершенствование — удел слабых, а единственное, ради чего стоит жить, — саморазрушение."
Форрест Гамп,США,драма,1994,7.9,"Сидя на автобусной остановке, Форрест Гамп — не очень умный, но добрый и открытый парень — рассказывает случайным встречным историю своей необыкновенной жизни."
Властелин колец: Возвращение короля,Новая Зеландия,фэнтези,2003,7.9,"Повелитель сил тьмы Саурон направляет свою бесчисленную армию под стены Минас-Тирита, крепости Последней Надежды. Он предвкушает близкую победу, но именно это мешает ему заметить две крохотные фигурки — хоббитов, приближающихся к Роковой Горе, где им предстоит уничтожить Кольцо Всевластья."
Зеленая книга,США,биография,2018,7.9,"1960-е годы. После закрытия нью-йоркского ночного клуба на ремонт вышибала Тони по прозвищу Болтун ищет подработку на пару месяцев. Как раз в это время Дон Ширли — утонченный светский лев, богатый и талантливый чернокожий музыкант, исполняющий классическую музыку — собирается в турне по южным штатам, где ещё сильны расистские убеждения и царит сегрегация. Он нанимает Тони в качестве водителя, телохранителя и человека, способного решать текущие проблемы. У этих двоих так мало общего, и эта поездка навсегда изменит жизнь обоих."
Начало,США,фантастика,2010,7.9,"Кобб – талантливый вор, лучший из лучших в опасном искусстве извлечения: он крадет ценные секреты из глубин подсознания во время сна, когда человеческий разум наиболее уязвим. Редкие способности Кобба сделали его ценным игроком в привычном к предательству мире промышленного шпионажа, но они же превратили его в извечного беглеца и лишили всего, что он когда-либо любил. "
Унесённые призраками,Япония,аниме,2001,7.9,"Тихиро с мамой и папой переезжает в новый дом. Заблудившись по дороге, они оказываются в странном пустынном городе, где их ждет великолепный пир. Родители с жадностью набрасываются на еду и к ужасу девочки превращаются в свиней, став пленниками злой колдуньи Юбабы. Теперь, оказавшись одна среди волшебных существ и загадочных видений, Тихиро должна придумать, как избавить своих родителей от чар коварной старухи."
Властелин колец: Братство кольца,Новая Зеландия,фэнтези,2001,7.9,"Сказания о Средиземье — это хроника Великой войны за Кольцо, длившейся не одну тысячу лет. Тот, кто владел Кольцом, получал неограниченную власть, но был обязан служить злу. "
Волк с Уолл-стрит,США,драма,2013,7.8,"1987 год. Джордан Белфорт становится брокером в успешном инвестиционном банке. Вскоре банк закрывается после внезапного обвала индекса Доу-Джонса. По совету жены Терезы Джордан устраивается в небольшое заведение, занимающееся мелкими акциями. Его настойчивый стиль общения с клиентами и врождённая харизма быстро даёт свои плоды. Он знакомится с соседом по дому Донни, торговцем, который сразу находит общий язык с Джорданом и решает открыть с ним собственную фирму. В качестве сотрудников они нанимают нескольких друзей Белфорта, его отца Макса и называют компанию «Стрэттон Оукмонт». В свободное от работы время Джордан прожигает жизнь: лавирует от одной вечеринки к другой, вступает в сексуальные отношения с проститутками, употребляет множество наркотических препаратов, в том числе кокаин и кваалюд. Однажды наступает момент, когда быстрым обогащением Белфорта начинает интересоваться агент ФБР..."
Криминальное чтиво,США,криминал,1994,7.8,Двое бандитов Винсент Вега и Джулс Винфилд ведут философские беседы в перерывах между разборками и решением проблем с должниками криминального босса Марселласа Уоллеса.
Темный рыцарь,США,фантастика,2008,7.8,"Бэтмен поднимает ставки в войне с криминалом. С помощью лейтенанта Джима Гордона и прокурора Харви Дента он намерен очистить улицы Готэма от преступности. Сотрудничество оказывается эффективным, но скоро они обнаружат себя посреди хаоса, развязанного восходящим криминальным гением, известным напуганным горожанам под именем Джокер."
Властелин колец: Две крепости,Новая Зеландия,фэнтези,2002,7.8,"Братство распалось, но Кольцо Всевластья должно быть уничтожено. Фродо и Сэм вынуждены довериться Голлуму, который взялся провести их к вратам Мордора. Громадная армия Сарумана приближается: члены братства и их союзники готовы принять бой. Битва за Средиземье продолжается."
Брат,Россия,драма,1997,7.8,"Демобилизовавшись, Данила Багров возвращается в родной городок. Но скучная жизнь провинции его не устраивает, и он отправляется в Петербург, где, по слухам, уже несколько лет процветает его старший брат. Данила находит брата, но всё оказывается не так просто — брат работает наемным убийцей."
Унесённые ветром,США,мелодрама,1939,7.7,"Могучие ветры Гражданской войны в один миг уносят беззаботную юность южанки Скарлетт О`Хара, когда привычный шум балов сменяется грохотом канонад на подступах к родному дому. Для молодой женщины, вынужденной бороться за новую жизнь на разоренной земле, испытания и лишения становятся шансом переосмыслить идеалы, обрести веру в себя и найти настоящую любовь."
Леон,Франция,боевик,1994,7.7,"Профессиональный убийца Леон неожиданно для себя самого решает помочь 12-летней соседке Матильде, семью которой убили коррумпированные полицейские."
Гладиатор,США,история,2000,7.7,"Римская империя. Бесстрашного и благородного генерала Максимуса боготворят солдаты, а старый император Марк Аврелий безгранично доверяет ему и относится как к сыну. Однако опытный воин, готовый сразиться с любым противником в честном бою, оказывается бессильным перед коварными придворными интригами. Коммод, сын Марка Аврелия, убивает отца, который планировал сделать преемником не его, а Максимуса, и захватывает власть. Решив избавиться от опасного соперника, который к тому же отказывается присягнуть ему на верность, Коммод отдаёт приказ убить Максимуса и всю его семью. Чудом выжив, но не сумев спасти близких, Максимус попадает в плен к работорговцу, который продаёт его организатору гладиаторских боёв Проксимо. Так легендарный полководец становится гладиатором. Но вскоре ему представится шанс встретиться со своим смертельным врагом лицом к лицу."
Список Шиндлера,США,биография,1993,7.7,"Оскар Шиндлер, член национал-социалистической немецкой рабочей партии и преуспевающий промышленник, во время Второй мировой войны спасает евреев от ужасной смерти в концлагерях."
Брат 2,Россия,боевик,2000,7.7,"Участвуя в программе на телевидении, Данила Багров встречает своих друзей по службе в Чечне. Одного из них внезапно убивают. Выясняется, что у того были неприятности из-за брата-хоккеиста в Америке. Данила должен разобраться. Он вылетает в Америку и за компанию берёт с собой старшего брата."
Пятый элемент,Франция,фантастика,1997,7.7,"2257 год. Бывший секретный агент Корбен Даллас работает таксистом, ест в одном и том же ресторане и не ждёт перемен от жизни. Всё меняется, когда в его такси падает инопланетянка Лилу — единственное существо, способное спасти человечество. Вместе им предстоит остановить надвигающееся зло и предотвратить межгалактическую войну."
Собачье сердце,СССР,драма,1988,7.7,"Москва, 1924 год. В результате одного из сложнейших опытов профессор Филипп Филиппович Преображенский делает потрясающее открытие: после пересадки гипофиза человека пёс Шарик начинает приобретать человеческие черты. Сенсационная новость мгновенно разлетается по Москве и приносит мировому светилу очередную порцию признания. Однако радость оказывается недолгой: вопрос, что из Шарика — то есть гражданина Шарикова — может получиться «высокая психическая личность», очень быстро становится под сомнение."
Крестный отец,США,драма,1972,7.7,"Криминальная сага, повествующая о нью-йоркской сицилийской мафиозной семье Корлеоне. Фильм охватывает период 1945-1955 годов."
В августе 44-го,Россия,военный,2001,7.7,"Лето 1944 года. Белоруссия уже освобождена, однако с её территории регулярно выходит в эфир группа лазутчиков, передавая врагам важную информацию о советских войсках. На поиски шпионов в район запеленгованной рации отправляется отряд во главе с офицером СМЕРШа."
Деревья на асфальте,СССР,драма,1984,7.7,"Добрая, душевная Анна Тимофеевна с болью покидала свой деревенский дом, своих односельчан. Сын Степан, опасаясь за здоровье матери, уговорил ее переехать в город. Чем могла, помогала она его семье и ждала возвращения из армии внука Генки, который, наконец, приехал с молодой красивой женой Светой. На смену радостным хлопотам пришла болезнь, после которой Анна Тимофеевна оказалась в загородном пансионате для престарелых. Затосковав по дому, она уезжает в родную деревню. Там она встречает Генку, и он становится для пожилой женщины самым близким и дорогим человеком."
Тайна Коко,США,мультфильм,2017,7.7,"12-летний Мигель живёт в мексиканской деревушке в семье сапожников и тайно мечтает стать музыкантом. Тайно, потому что в его семье музыка считается проклятием. Когда-то его прапрадед оставил жену, прапрабабку Мигеля, ради мечты, которая теперь не даёт спокойно жить и его праправнуку. С тех пор музыкальная тема в семье стала табу. Мигель обнаруживает, что между ним и его любимым певцом Эрнесто де ла Крусом, ныне покойным, существует некая связь. Паренёк отправляется к своему кумиру в Страну Мёртвых, где встречает души предков. Мигель знакомится там с духом-скелетом по имени Гектор, который становится его проводником. Вдвоём они отправляются на поиски де ла Круса."
Достучаться до небес,Германия,драма,1997,7.7,"Волею судеб две абсолютные противоположности, тихоня Руди и разгильдяй Мартин, оказываются в одной больничной палате. Узнав неутешительные прогнозы, друзья решают использовать последние дни на полную катушку — угнать машину с деньгами, напиться текилы, и, конечно, увидеть море."
Назад в будущее,США,фантастика,1985,7.7,"Подросток Марти с помощью машины времени, сооружённой его другом-профессором доком Брауном, попадает из 80-х в далекие 50-е. Там он встречается со своими будущими родителями, ещё подростками, и другом-профессором, совсем молодым."
Шрэк,США,мультфильм,2001,7.7,"Жил да был в сказочном государстве большой зеленый великан по имени Шрэк. Жил он в гордом одиночестве в лесу, на болоте, которое считал своим. Но однажды злобный коротышка — лорд Фаркуад, правитель волшебного королевства, безжалостно согнал на Шрэково болото всех сказочных обитателей."
"Поймай меня, если сможешь",США,криминал,2002,7.6,"Фрэнк Эбегнейл успел поработать врачом, адвокатом и пилотом на пассажирской авиалинии – и все это до достижения полного совершеннолетия в 21 год. Мастер в обмане и жульничестве, он также обладал искусством подделки документов, что в конечном счете принесло ему миллионы долларов, которые он получил по фальшивым чекам."
Операция «Ы» и другие приключения Шурика,СССР,комедия,1965,7.6,"Студент Шурик попадает в самые невероятные ситуации: сражается с хулиганом Верзилой, весьма оригинальным способом готовится к экзамену и предотвращает «ограбление века», на которое идёт троица бандитов — Балбес, Трус и Бывалый."
Большой куш,Великобритания,криминал,2000,7.6,"Фрэнки Четыре Пальца должен был переправить краденый алмаз из Англии в США своему боссу Эви, но, сделав ставку на подпольный боксерский поединок, он попал в круговорот весьма нежелательных событий. Вокруг него и его груза разворачивается сложная интрига с участием множества колоритных персонажей лондонского дна — русского гангстера, троих незадачливых грабителей, хитрого боксера и угрюмого громилы грозного мафиози. Каждый норовит в одиночку сорвать большой куш."
Иди и смотри,СССР,драма,1985,7.6,"1943 год, Великая Отечественная война. Подросток Флёра, откопав карабин среди обрывков колючей проволоки, ржавых пулемётных лент и простреленных касок, отправляется в лес к партизанам."
Матрица,США,фантастика,1999,7.6,"Жизнь Томаса Андерсона разделена на две части: днём он — самый обычный офисный работник, получающий нагоняи от начальства, а ночью превращается в хакера по имени Нео, и нет места в сети, куда он бы не смог проникнуть. Но однажды всё меняется. Томас узнаёт ужасающую правду о реальности."
Бесславные ублюдки,Германия,боевик,2009,7.6,"Вторая мировая война. В оккупированной немцами Франции группа американских солдат-евреев наводит страх на нацистов, жестоко убивая и скальпируя солдат."
Титаник,США,мелодрама,1997,7.6,"Апрель 1912 года. В первом и последнем плавании шикарного «Титаника» встречаются двое. Пассажир нижней палубы Джек выиграл билет в карты, а богатая наследница Роза отправляется в Америку, чтобы выйти замуж по расчёту. Чувства молодых людей только успевают расцвести, и даже не классовые различия создадут испытания влюблённым, а айсберг, вставший на пути считавшегося непотопляемым лайнера."
Престиж,Великобритания,триллер,2006,7.6,"Роберт и Альфред - фокусники-иллюзионисты, которые на рубеже XIX и XX веков соперничали друг с другом в Лондоне. С годами их дружеская конкуренция на профессиональной почве перерастает в настоящую войну."
F1,США,драма,2025,7.5,"В 1990-х Сонни Хейс был восходящей звездой «Формулы-1», но после серьёзной аварии ушёл из большого спорта. 30 лет спустя Сонни живёт в трейлере и зарабатывает участием в различных гонках и чемпионатах. Однажды к нему обращается старый друг Рубен Сервантес, тоже в прошлом гонщик, а ныне владелец гоночной команды-аутсайдера, с просьбой присоединиться к ним в качестве второго пилота и наставника для молодого многообещающего новичка."
Бриллиантовая рука,СССР,комедия,1968,7.5,"В южном городке орудует шайка валютчиков, возглавляемая Шефом и его помощником Графом (в быту — Геной Козодоевым). Скромный советский служащий и примерный семьянин Семен Семенович Горбунков отправляется в зарубежный круиз на теплоходе, где также плывет Граф, который должен забрать бриллианты в одном из восточных городов и провезти их в загипсованной руке. Но из-за недоразумения вместо жулика на условленном месте падает ничего не подозревающий Семен Семенович, и драгоценный гипс накладывают ему."
Пираты Карибского моря: Проклятие Черной жемчужины,США,фэнтези,2003,7.5,"Жизнь харизматичного авантюриста, капитана Джека Воробья, полная увлекательных приключений, резко меняется, когда его заклятый враг капитан Барбосса похищает корабль Джека Черную Жемчужину, а затем нападает на Порт Ройал и крадет прекрасную дочь губернатора Элизабет Свонн."
Отступники,США,криминал,2006,7.5,"Два лучших выпускника полицейской академии оказались по разные стороны баррикады: один из них — агент мафии в рядах правоохранительных органов, другой — «крот», внедрённый в мафию. Каждый считает своим долгом обнаружить и уничтожить противника."
Джанго освобожденный,США,вестерн,2012,7.5,"Шульц — эксцентричный охотник за головами, который выслеживает и отстреливает самых опасных преступников. Он освобождает раба по имени Джанго, поскольку тот может помочь ему в поисках трёх бандитов. Джанго знает этих парней в лицо, ведь у него с ними свои счёты."
Достать ножи,США,детектив,2019,7.5,"На следующее утро после празднования 85-летия известного автора криминальных романов Харлана Тромби виновника торжества находят мёртвым. Налицо — явное самоубийство, но полиция по протоколу опрашивает всех присутствующих в особняке членов семьи, хотя, в этом деле больше заинтересован частный детектив Бенуа Блан. Тем же утром он получил конверт с наличными от неизвестного и заказ на расследование смерти Харлана. Не нужно быть опытным следователем, чтобы понять, что все приукрашивают свои отношения с почившим главой семейства, но Блану достаётся настоящий подарок — медсестра покойного, которая физически не выносит ложь."
Хористы,Франция,драма,2004,7.5,"Франция, 1949 год. Отчаявшись найти работу, учитель музыки Клемент Матье попадает в интернат для трудных подростков. Там он видит, к каким жестоким «воспитательным мерам» прибегает ректор этого заведения Рашан. Чем больше издевается Рашан над мальчиками, тем агрессивнее они становятся."
"Карты, деньги, два ствола",Великобритания,боевик,1998,7.5,"Четверо приятелей накопили по 25 тысяч фунтов, чтобы один из них мог сыграть в карты с опытным шулером и матерым преступником, известным по кличке Гарри Топор. Парень проиграл 500 тысяч, на выплату долга ему дали неделю, а в противном случае и ему и его друзьям каждый день будут отрубать по пальцу. Ребята решают ограбить бандитов, решивших ограбить трех ботаников, выращивающих марихуану для местного наркобарона."
Девчата,СССР,мелодрама,1961,7.5,"В сибирский поселок приехала юная повариха Тося Кислицына — наивная и эксцентричная девчонка. Она сует свой нос во все дела, каждому стремится помочь. Местный красавец Илья на спор заводит с Тосей роман."
Дело храбрых,США,драма,2017,7.5,"История о команде пожарных под названием Granite Mountain Hotshots, столкнувшихся в Аризоне с одним из самых смертоносных пожаров в истории."
Трасса 60,Канада,фэнтези,2001,7.5,"Нил Оливер, на первый взгляд, вполне доволен своей жизнью: у него обеспеченные родители, милая девушка, а впереди — обучение на юриста в престижном университете. Однако будущее Нила определяет отец, не особо интересуясь мнением сына. Парень же мечтает стать художником, но отказать родителю не решается. С недавних пор ему стала сниться девушка, которую он никак не может выбросить из головы. Однажды загадочный мужчина Рэй предлагает ему доставить посылку и совершить поездку по автостраде 60, которой нет ни на одной карте США. В пути он встречает чудаковатого О. В. Гранта, вместе с которым отправляется навстречу приключениям, пытаясь разыскать незнакомку из своих снов."
Брестская крепость,Беларусь,военный,2010,7.5,"История о героической обороне Брестской крепости, которая приняла на себя первый удар немецко-фашистских захватчиков 22 июня 1941 года. Рассказ о трёх главных очагах сопротивления, возглавляемых командиром полка Петром Гавриловым, комиссаром Ефимом Фоминым и начальником 9-й погранзаставы Андреем Кижеватовым."
Малышка на миллион,США,драма,2004,7.5,"Тренеру по боксу Фрэнку Данну так и не удалось воспитать чемпиона. Он владеет спортивным залом в Лос-Анджелесе, где всё ещё проводит тренировки. Дочь не отвечает на его письма, а его лучший боец подписал контракт с другим менеджером. Неожиданно в жизни Фрэнка появляется Мэгги Фицжеральд, 31-летняя официантка, мечтающая стать боксером. Фрэнк не желает тренировать женщину, но упорство Мэгги заставляет его передумать. Впереди - их главное сражение, требующее собрать в кулак всю волю и мужество."
Дангал,Индия,драма,2016,7.5,"Когда-то Махавир Сингх Пхогат был чемпионом Индии по борьбе. По причине бедности он был вынужден бросить спорт, но поклялся воспитать сына, который станет в будущем олимпийским чемпионом. Но вот досада — у них с женой родились четыре дочки. Отец сначала отчаялся, но потом, увидев, что подросшие девчонки поколачивают одноклассников, решил всё же сделать из них спортсменок."
Война,Россия,боевик,2002,7.5,"Аслан Гугаев, командир отряда чеченских боевиков, отпускает троих пленников: двух русских солдат, сержанта Ивана Ермакова и рядового Кулика — потому что они не контрактники, а призывники, и англичанина Джона Бойла — потому что он должен собрать два миллиона фунтов стерлингов и привезти деньги Гугаеву в качестве выкупа за свою невесту Маргарет. Маргарет остается у Аслана. Так же, как и капитан российской армии Медведев..."
Атака Титанов: Последняя атака,Япония,аниме,2024,7.5,"После катастрофических действий Эрена его друзья и бывшие враги объединяются против него. Армин, Микаса и оставшиеся в живых солдаты разведкорпуса формируют временный союз с Райнером Брауном и остатками марлийской армии. Противостояние людей и титанов достигает апогея."
Подольские курсанты,Россия,военный,2020,7.5,"Октябрь 1941 года, Подмосковье. Около трёх с половиной тысяч курсантов подольских артиллерийского и пехотного училищ получают приказ занять оборону на Ильинском рубеже и совместно с регулярными частями 43-й армии сдерживать наступление фашистских захватчиков, пока не подойдёт подкрепление. Погибая, вчерашние мальчишки держат оборону от многократно превышающих сил немцев и на двенадцать дней становятся преградой на пути врага к Москве."
Летят журавли,СССР,военный,1957,7.5,"Рассказ о людях, в чьи судьбы безжалостно вторглась война. Не все смогли с честью вынести это испытание. В центре киноповести - трагическая история двух влюбленных, которых разлучила война."
Семь,США,триллер,1995,7.5,"Детектив Уильям Сомерсет — ветеран уголовного розыска, мечтающий уйти на пенсию и уехать подальше от города и его грешных обитателей. За семь дней до пенсии на Сомерсета сваливаются две неприятности: молодой напарник Миллс и особо изощренное убийство. Острый ум опытного следователя сразу определяет, что за этим преступлением, скорее всего, последуют другие."
Крик тишины,Россия,драма,2019,7.5,"Блокадный Ленинград, февраль 1942 года. Заканчивается самая страшная блокадная зима. Зина Воронова совсем отчаялась. Ее трёхлетний сын Митя ослабел, а карточки на хлеб уже отоварены на два дня вперед. Последняя надежда — эвакуация. Но с маленькими детьми не берут. Тогда женщина идет на чудовищный шаг — эвакуируется, оставив сына одного в промерзшей квартире. Во время налета мальчика спасает девочка-подросток Катя. Девочка выдает Митю за своего брата и обещает себе сделать все, чтобы Митя выжил. Несмотря ни на что."
Гарри Поттер и философский камень,Великобритания,фэнтези,2001,7.5,"Жизнь десятилетнего Гарри Поттера нельзя назвать сладкой: родители умерли, едва ему исполнился год, а от дяди и тёти, взявших сироту на воспитание, достаются лишь тычки да подзатыльники. Но в одиннадцатый день рождения Гарри всё меняется. Странный гость, неожиданно появившийся на пороге, приносит письмо, из которого мальчик узнаёт, что на самом деле он - волшебник и зачислен в школу магии под названием Хогвартс. А уже через пару недель Гарри будет мчаться в поезде Хогвартс-экспресс навстречу новой жизни, где его ждут невероятные приключения, верные друзья и самое главное — ключ к разгадке тайны смерти его родителей."
Балканский рубеж,Россия,боевик,2019,7.5,Югославия. 1999 год. Российская спецгруппа получает приказ взять под контроль аэродром Слатина в Косово и удерживать его до прихода подкрепления. Но этот стратегический объект крайне важен албанскому полевому командиру и натовским генералам. Группа вынуждена принять неравный бой с террористами. К аэродрому устремляются российские миротворцы и силы НАТО. Мир вновь близок к большой войне.
Реквием по мечте,США,драма,2000,7.5,"Каждый стремится к своей заветной мечте. Сара Голдфарб мечтала сняться в известном телешоу, ее сын Гарольд с другом Тайроном — сказочно разбогатеть, подруга Гарольда Мэрион грезила о собственном модном магазине, но на их пути были всевозможные препятствия. Все они выбирают неочевидные пути достижения своих целей, и мечты по-прежнему остаются недостижимыми, а жизни героев рушатся безвозвратно."
Апокалипсис,США,боевик,2006,7.5,"1517 год. Полуостров Юкатан. В один день рушится мир индейца по имени Лапа Ягуара. Его деревню захватывает соседнее племя, уничтожая хижины, забирая местных жителей в плен. Его ведут в город, чтобы принести в жертву богам. Перед лицом неминуемой смерти Лапа Ягуара должен побороть свои самые сильные страхи и совершить отчаянный рывок, чтобы спасти то, что ему дорого."
Хатико: Самый верный друг,США,драма,2008,7.4,"Однажды, возвращаясь с работы, профессор колледжа нашел на вокзале симпатичного щенка породы акита-ину. Профессор и Хатико стали верными друзьями. Каждый день пес провожал и встречал хозяина на вокзале."
Счастливое число Слевина,США,триллер,2005,7.4,"Слевину не везет — дом опечатан, девушка ушла к другому. Его друг Ник уезжает из Нью-Йорка и предлагает Слевину пожить в пустой квартире. Тем временем, крупный криминальный авторитет по прозвищу Босс хочет рассчитаться со своим бывшим партнером за убийство сына и в отместку заказать его наследника."
Вторая жизнь Уве,Швеция,драма,2015,7.4,"Уве - пожилой въедливый ворчун, достающий соседей вечными придирками. Он впадает в ярость при виде брошенного не туда мусора или неправильно припаркованной машины. И кроет на чем свет стоит легкомысленную семейку новосёлов, в которой папаша и гвоздя вбить не способен. Зато Уве умеет всё. В доме и в гараже у него всегда идеальный порядок. Как и в мыслях. Вот только жизнь давно перестала иметь для него смысл."
Судьба человека,СССР,драма,1959,7.4,"Фильм рассказывает о русском солдате, которого война подвергла страшным испытаниям, лишила дома и семьи, бросила в концлагерь. Но судьба не сломила его дух - он выжил, отстоял своё право быть человеком, сохранил способность любить..."
Паразиты,Корея Южная,драма,2019,7.4,"Обычное корейское семейство Кимов жизнь не балует. Приходится жить в сыром грязном полуподвале, воровать интернет у соседей и перебиваться случайными подработками. Однажды друг сына семейства, уезжая на стажировку за границу, предлагает тому заменить его и поработать репетитором у старшеклассницы в богатой семье Пак. Подделав диплом о высшем образовании, парень отправляется в шикарный дизайнерский особняк и производит на хозяйку дома хорошее впечатление. Тут же ему в голову приходит необычный план по трудоустройству сестры."
Огонь,Россия,драма,2020,7.4,"После гибели подчинённого бывалый инструктор бригады пожарных Алексей Соколов хотел было уволиться, но лето в России — жаркая пора. Взяв в команду шестым нахального новичка, парня своей дочери, Соколов отправляется на очередное задание в Карелию. И это задание будет гораздо сложнее, чем он мог себе представить."
Диодорова. Против течения,Россия,драма,2024,7.4,История жизни и карьеры российской спортсменки Анастасии Диодоровой.
Омерзительная восьмерка,США,вестерн,2015,7.4,"США после Гражданской войны. Легендарный охотник за головами Джон Рут по кличке Вешатель конвоирует заключенную. По пути к ним прибиваются еще несколько путешественников. Снежная буря вынуждает компанию искать укрытие в лавке на отшибе, где уже расположилось весьма пёстрое общество: генерал конфедератов, мексиканец, ковбой… И один из них — не тот, за кого себя выдает."
По соображениям совести,США,биография,2016,7.4,"Медик американской армии времён Второй мировой войны Десмонд Досс, который служил во время битвы за Окинаву, отказывается убивать людей и становится первым идейным уклонистом в американской истории, удостоенным Медали Почёта."
Пеле: Рождение легенды,США,биография,2015,7.4,История стремительного восхождения талантливого мальчика Пеле из трущоб Сан-Паулу - от дворовой босоногой команды до победы на Чемпионате мира.
"Кавказская пленница, или Новые приключения Шурика",СССР,комедия,1966,7.4,"Отправившись в одну из горных республик собирать фольклор, студент Шурик влюбляется в симпатичную Нину — спортсменку, отличницу, комсомолку и просто красавицу. Однако банда из трёх человек похищает девушку, чтобы насильно выдать замуж. Поняв, что происходит, Шурик отважно бросается освобождать кавказскую пленницу."
Укрощение строптивого,Италия,мелодрама,1980,7.4,Категорически не приемлющий женского общества грубоватый фермер вполне счастлив и доволен своей холостяцкой жизнью. Но неожиданно появившаяся в его жизни женщина пытается изменить его взгляды на жизнь и очаровать его.
Гонка,Великобритания,спорт,2013,7.4,"1970-е. Два непримиримых соперника в гонках «Формула-1» — обаятельный плейбой-англичанин Джеймс Хант и дисциплинированный перфекционист-австриец Ники Лауда — доводят себя до предела физической и психологической выносливости ради победы. Каждый из них стремится быть первым, а ошибка на трассе может стоить гонщикам жизни."
Законопослушный гражданин,США,боевик,2009,7.4,"Семью Клайда Шелтона убивают двое грабителей. Однако они не получают по заслугам — прокурор идет на сделку с преступниками. Тогда Клайд решает по-своему отомстить убийцам, а также представителям власти и юстиции США."
Пожары,Канада,драма,2010,7.4,"Когда брат и сестра Марван ознакомились с завещанием матери, их удивлению не было предела. Её последней волей было разыскать отца, которого близнецы считали умершим, и брата, о существовании которого они даже не подозревали. Жанна и Симон узнают, что мать тщательно скрывала от них многие обстоятельства своей трагической судьбы."
Шрэк 2,США,мультфильм,2004,7.4,"Шрэк и Фиона возвращаются после медового месяца и находят письмо от родителей Фионы с приглашением на ужин. Однако те не подозревают, что их дочь тоже стала огром! Вместе с Осликом счастливая пара отправляется в путешествие, полное неожиданностей, и попадает в круговорот событий, во время которых приобретает множество друзей…"
Нэчжа побеждает Царя драконов,Китай,мультфильм,2025,7.4,"Наделенный неконтролируемой силой озорной и весёлый мальчишка Нэчжа, чтобы спасти своих родителей и друзей, отправляется в грандиозное и полное приключений путешествие по волшебным мирам. Любовь к семье, мудрый, но непутёвый наставник и вера в крепкую дружбу помогают ему преодолеть испытания на своём пути."
Афоня,СССР,драма,1975,7.4,"Слесарь-сантехник ЖЭКа Афанасий Борщев, которого жильцы запросто зовут Афоня, — человек открытой и доброй души. Живет он, правда, бездумно и легко, но, может быть, именно потому бывает ему порой тоскливо. Тогда он наведывается в местную пивную, где есть у него друг Федул. Однажды на танцах он знакомится с милой и трогательной девушкой Катей, полюбившей Афоню. Но он избегает ее, так как сердце его пленила хозяйка квартиры 58, красавица Елена. Однако вскоре выясняется, что она замужем. Почувствовав себя одиноким и никому не нужным, он едет в деревню к тетке."
Ворошиловский стрелок,Россия,драма,1999,7.4,"Пенсионер, железнодорожник в отставке, скромно живёт со своей внучкой Катей. В соседнем доме постоянно собираются трое молодых бездельников, чувствующие себя безнаказанными хозяевами жизни. Однажды они хитростью заманили Катю к себе, где изнасиловали."
Игры разума,США,биография,2001,7.4,"От всемирной известности до греховных глубин — все это познал на своей шкуре Джон Форбс Нэш-младший. Математический гений, он на заре своей карьеры сделал титаническую работу в области теории игр, которая перевернула этот раздел математики и практически принесла ему международную известность."
12 стульев,СССР,комедия,1971,7.4,"Во время революции и последовавшего за ней краткого периода военного коммунизма многие прятали свои ценности как можно надежнее. И вот Ипполит Матвеевич Воробьянинов, бывший Старгородский предводитель дворянства и светский лев, а ныне - скромный делопроизводитель ЗАГСа, узнает от умирающей тещи, что некогда она спрятала свои бриллианты и жемчуга в общей сложности на 150 000 золотых рублей под обивку одного из двенадцати стульев гостиного гарнитура работы известного мастера Гамбса."
Дикий робот,США,мультфильм,2024,7.4,"Посылка с роботом-помощником ROZZUM 7134 падает на необитаемый остров. Тщетно пытаясь найти задания, которые можно выполнить, робот выучивает язык животных и по наставлению опытной мамы-опоссума начинает заботиться о крохотном гусёнке, чью семью он случайно раздавил. В консультанты к нему набивается «специалист по гусям» хитрый лис Финк, с которым никто не хочет дружить."
Кин-дза-дза!,СССР,фантастика,1986,7.4,"Прораб Владимир Николаевич Машков и не подозревал, что обычный путь до универсама за хлебом и макаронами обернется межгалактическим путешествием. А все эта встреча со странным босоногим человеком с каким-то маленьким устройством — «машинкой перемещения», как тот ее назвал. Владимир Николаевич нажал кнопку и оказался вместе со случайным попутчиком, студентом в кроличьей шапке, в какой-то пустыне — на планете Плюк в тентуре, галактика Кин-дза-дза в спирали."
Одержимость,США,драма,2013,7.4,"Эндрю мечтает стать великим. Казалось бы, вот-вот его мечта осуществится. Юношу замечает настоящий гений, дирижер лучшего в стране оркестра. Желание Эндрю добиться успеха быстро становится одержимостью, а безжалостный наставник продолжает подталкивать его все дальше и дальше – за пределы человеческих возможностей. Кто выйдет победителем из этой схватки?"
Великолепная поездка,Франция,драма,2022,7.4,По дороге в дом престарелых Мадлен просит водителя такси провезти ее по памятным местам Парижа.
Как приручить дракона,США,фэнтези,2025,7.4,"Подростку Иккингу не слишком близки традиции его героического племени, много лет ведущего войну с драконами. Парень неожиданно заводит дружбу с драконом Беззубиком, который поможет ему и другим викингам увидеть мир с совершенно другой стороны."
Шоу Трумана,США,драма,1998,7.4,"Представьте себе, что вы вдруг начинаете понимать, что все вокруг вас — декорации, а люди — актеры, притворяющиеся теми, кем они вам кажутся. Весь ваш мир оказывается большим телесериалом, где вы исполняете главную роль, даже не подозревая об этом. Вся ваша жизнь — результат работы автора телешоу, которое вот уже тридцать лет смотрит вся планета, начиная с момента вашего рождения."
Такси,Франция,боевик,1998,7.4,"Таксист Даниэль помешан на быстрой езде. Как ураган проносится он по извилистым улицам Марселя на мощном ревущем «Пежо», пугая прохожих и приводя в ужас пассажиров. Начинающий следователь Эмильен вынуждает его помогать в поимке банды грабителей банков, каждый раз ускользающих от полиции на неуловимых «Мерседесах»."
Планета Ка-Пэкс,Германия,фантастика,2001,7.4,"В Манхэттенский психиатрический институт привозят странного человека в черных очках. Он зовет себя Протом и утверждает, что его родина — далекая планета Ка-Пэкс, откуда он мгновенно перенесся на Землю в луче света. Несмотря на все усилия, опытному доктору Пауэллу не удается разгадать загадку таинственного пациента, который охотно и весьма убедительно доказывает всем свое внеземное происхождение и заранее назначает дату своего возвращения на Ка-Пэкс."
Гарри Поттер и узник Азкабана,Великобритания,фэнтези,2004,7.4,"Гарри, Рон и Гермиона возвращаются на третий курс школы чародейства и волшебства Хогвартс. На этот раз они должны раскрыть тайну узника, сбежавшего из тюрьмы Азкабан, чье пребывание на воле создает для Гарри смертельную опасность."
Области тьмы,США,триллер,2011,7.4,"Нью-йоркский писатель Эдди, желая преодолеть чёрную полосу в жизни, принимает засекреченный препарат под названием NZT. Таблетка выводит мозг парня на работу в нереальной мощности. Этот творческий наркотик меняет всю жизнь Эдди, за короткий срок он зарабатывает кучу денег, но скоро начинает страдать от зловещих побочных эффектов препарата. А когда пытается найти других NZT-гениев, чтобы понять, как можно справиться с этим пристрастием, он узнает страшную правду…"
Мстители: Война бесконечности,США,фантастика,2018,7.4,"Пока Мстители и их союзники продолжают защищать мир от различных опасностей, с которыми не смог бы справиться один супергерой, новая угроза возникает из космоса: Танос. Межгалактический тиран преследует цель собрать все шесть Камней Бесконечности — артефакты невероятной силы, с помощью которых можно менять реальность. Всё, с чем Мстители сталкивались ранее, вело к этому моменту — судьба Земли никогда ещё не была столь неопределённой."
Адвокат дьявола,США,триллер,1997,7.4,"В Нью-Йорк по приглашению главы крупного юридического концерна прибывает Кевин Ломакс, молодой адвокат. До этого он был известен тем, что защищал исключительно негодяев и притом не проиграл ни одного процесса. На новом месте работы он вполне счастлив, он живет в роскошной квартире с любящей женой, его окружают интересные люди."
Аватар,США,фантастика,2009,7.4,"Бывший морпех Джейк Салли прикован к инвалидному креслу. Несмотря на немощное тело, Джейк в душе по-прежнему остается воином. Он получает задание совершить путешествие в несколько световых лет к базе землян на планете Пандора, где корпорации добывают редкий минерал, имеющий огромное значение для выхода Земли из энергетического кризиса."
Белое солнце пустыни,СССР,боевик,1969,7.4,"Бесконечная пустыня. Боец Сухов, прикуривающий от динамитной шашки, нескладный Петруха с вечно заклинивающей трехлинейкой, обаятельный Верещагин с надоевшей черной икрой и знаменитыми песнями-балладами, ловкий Саид , злодей Абдулла со своей бандой, любознательная Гульчатай, играющая с черепахой."
Исчезнувшая,США,триллер,2014,7.4,"Всё было готово для празднования пятилетия супружеской жизни, когда вдруг необъяснимо пропала виновница торжества. Остались следы борьбы в доме, кровь, которую явно пытались стереть, и цепочка подсказок в игре «охота за сокровищами» - жена ежегодно устраивала её для своего обожаемого мужа. И похоже, что эти подсказки дают шанс пролить свет на судьбу исчезнувшей."
Жестокий романс,СССР,драма,1984,7.4,"1877 год, городок Бряхимов на берегу Волги. Дворянка уважаемой фамилии обеднела после смерти мужа, поэтому делает всё, чтобы выдать красавицу-дочь Ларису за богатого."
Догвилль,Дания,триллер,2003,7.4,"Юная Грейс, сбежав от банды гангстеров, находит спасение в маленьком городке Догвилль где-то в Скалистых горах. Местные жители – один прекраснее другого – готовы ее укрыть. А взамен им совсем ничего не надо, ну, разве что помочь по дому или присмотреть за детьми. Но постепенно милый Догвилль превращается для девушки в тюрьму."
Отель Мумбаи: Противостояние,США,боевик,2018,7.4,"Мумбаи, 2008 год. Роскошный отель «Тадж-Махал Палас» — гарантия безопасности. К каждому гостю здесь относятся как к богу и требования к персоналу предъявляют самые высокие, но в тот день сотрудникам отеля пришлось особенно тяжело. Город подвергается многочисленным террористическим атакам, и когда вооруженные люди захватывают «Тадж-Махал», расстреливая всех встречных, оказавшимся в ловушке гостям и персоналу придётся пережить настоящий кошмар."
Самый быстрый Indian,Новая Зеландия,драма,2005,7.3,"История жизни знаменитого новозеландца Берта Монро, который потратил десятилетия жизни на переоснащение своего любимого мотоцикла марки «Индиан» 1920 года выпуска с максимальной скоростью в 58 миль/ч в гоночный болид для установления рекорда скорости."
Самая обаятельная и привлекательная,СССР,мелодрама,1985,7.3,"У инженера Нади Клюевой максимум общественной и минимум личной жизни. Всё меняется, когда она случайно встречает в автобусе свою старую знакомую, бывшую одноклассницу Сусанну, ныне работающую социологом на заводе бытовых кондиционеров. Сусанна решает наладить личную жизнь своей подруги, используя научный метод."
Мимино,СССР,драма,1977,7.3,"Провинциальный пилот Валико Мизандари по прозвищу Мимино, что значит «сокол», занимается вертолётными перевозками почты, фруктов, кур, баранов и даже коров в горных районах Грузинской ССР. Однажды встретив в Тбилисском аэропорту приятеля по лётному училищу и увидев, на каком великолепном сверхзвуковом самолёте тот летает и в компании каких красавиц-стюардесс работает, Мимино решает изменить свою жизнь и отправляется в Москву подавать документы на переобучение. В гостинице он оказывается в одном номере с армянским водителем Рубеном Хачикяном, которого ошибочно приняли за профессора-эндокринолога."
12 лет рабства,Великобритания,драма,2013,7.3,"США до Гражданской войны. Семьянин Соломон Нортап живёт и работает в штате Нью-Йорк, когда однажды ему предлагают привлекательную работу в Вашингтоне. По прибытии Соломона похищают, и он становится рабом на долгие 12 лет."
Холодное лето пятьдесят третьего...,СССР,драма,1987,7.3,1953 год. Двое политических ссыльных вступают в схватку с бандой амнистированных уголовников.
Лучшее предложение,Италия,триллер,2012,7.3,"Вергилий Олдман — управляющий директор ведущего аукционного дома. Время от времени со своим партнёром Билли на глазах у всего мира он проворачивает хитроумные аферы, ловко манипулируя и вводя в заблуждение как продавцов, так и покупателей. В секретном зале своей виллы он собрал сотни бесценных картин из разных эпох."
Жизнь Дэвида Гейла,Великобритания,триллер,2002,7.3,"Дэвид Гейл — человек, который пробовал жить в соответствии со своими принципами, но, в причудливом повороте судьбы, этот преданный отец, популярный профессор и ярый противник смертной казни окажется в камере смертников за убийство активистки Констанции Харравей. За три дня до исполнения приговора Гейл соглашается дать интервью репортеру Битси Блум."
Пираты Карибского моря: Сундук мертвеца,США,фэнтези,2006,7.3,"Вновь оказавшись в ирреальном мире, лихой капитан Джек Воробей неожиданно узнает, что является должником легендарного капитана «Летучего Голландца» Дэйви Джонса. Джек должен в кратчайшие сроки решить эту проблему, иначе ему грозит вечное проклятие и рабское существование после смерти. Вдобавок ко всему, срывается свадьба Уилла Тернера и Элизабет Суонн, которые вынуждены составить Джеку компанию в его злоключениях…"
Не может быть!,СССР,мелодрама,1975,7.3,"Фильм включает три новеллы о негативных явлениях провинциальной жизни молодой страны Советов: тупости, пьянстве, стяжательстве, бездуховности - всем том, что и сейчас существует благополучно и повсеместно."
Невозможное,Испания,драма,2012,7.3,2004 год. Семья курортников в Таиланде попадает под мощное цунами.
Мстители: Финал,США,фантастика,2019,7.3,"Оставшиеся в живых члены команды Мстителей и их союзники должны разработать новый план, который поможет противостоять разрушительным действиям могущественного титана Таноса. После наиболее масштабной и трагической битвы в истории они не могут допустить ошибку."
12 разгневанных мужчин,США,драма,1956,7.3,"Юношу обвиняют в убийстве собственного отца, ему грозит электрический стул. Двенадцать присяжных собираются, чтобы вынести вердикт: виновен или нет. С начала заседания почти все считают подсудимого виновным, и лишь только один из двенадцати позволил себе усомниться. И он решает убедить остальных в своей правоте."
Призрак в доспехах,Япония,аниме,1995,7.3,"2029 год. Благодаря значительным достижениям в кибернетике люди могут заменять свои конечности роботизированными частями. Майор Мотоко Кусанаги из 9-го отдела службы безопасности ведёт расследование, связанное с таинственным хакером, который называет себя Кукловод."
Лекарь: Ученик Авиценны,Германия,приключения,2013,7.3,"Англия, XI век. Мать десятилетнего Роба Коула умирает в страшных мучениях: никто не знает ни природы её болезни, ни лекарства против неё. Маленький Роб, потрясенный до глубины души, во что бы то ни стало стремится разгадать эту тайну."
Легенда №17,Россия,биография,2012,7.3,История жизни хоккеиста Валерия Харламова.
Миллионер из трущоб,Великобритания,криминал,2008,7.3,"Джамал Малик, 18-летний сирота из трущоб в Мумбаи, всего в одном шаге от победы в телеигре «Кто хочет стать миллионером?» и выигрыша 20 миллионов рупий. Прервав игру, его арестовывает полиция по подозрению в мошенничестве. Откуда юнец, выросший на улице, может знать так много?"
Дело Коллини,Германия,детектив,2019,7.3,"Берлин, 2001 год. Молодой адвокат Каспар Лайнен берётся защищать пожилого итальянца Фабрицио Коллини, который по непонятным причинам убил известного немецкого бизнесмена Ханса Майера, после чего сам сдался полиции. Ситуация осложняется не только молчанием Коллини и участием в процессе знаменитого и опытного прокурора, но и моральными аспектами. Внучка жертвы Йоханна была юношеской любовью Каспара, а сам Ханс Майер относился к нему как к сыну после ухода его родного отца из семьи. Вскоре Каспар обращает внимание на одну деталь и начинает своё расследование, которое может привести его к не самым приятным тайнам прошлого."
Троя,США,боевик,2004,7.3,"1193 год до нашей эры. Парис украл прекрасную Елену, жену царя Спарты Менелая. За честь Менелая вступается его брат – царь Агамемнон. Его армия под предводительством Ахиллеса подошла к Трое и взяла город в кровавую осаду, длившуюся долгих десять лет… Два мира будут воевать за честь и власть. Тысячи умрут за славу. И за любовь нация сгорит дотла."
Молчание ягнят,США,триллер,1990,7.3,"Психопат похищает и убивает молодых женщин по всему Среднему Западу. ФБР, уверенное, что все преступления совершены одним и тем же человеком, поручает агенту Клариссе Старлинг встретиться с заключенным-маньяком Ганнибалом Лектером, который мог бы помочь составить психологический портрет убийцы. Сам Лектер отбывает наказание за убийства и каннибализм. Он согласен помочь Клариссе лишь в том случае, если она попотчует его больное воображение подробностями своей личной жизни."
Дурак,Россия,драма,2014,7.3,"Жизни 800 человек общежития висят буквально на волоске из-за безразличия местных властей. В любую секунду здание может рухнуть. И кто бы мог подумать, что судьбы людей окажутся в руках простого сантехника. Но удастся ли ему что-то изменить и предотвратить катастрофу?"
Сводишь с ума,Россия,комедия,2025,7.3,"Алиса заселяется в просторную квартиру в Санкт-Петербурге, в которой начинает сбоить зеркало, показывая юной квартирантке параллельную реальность той же самой квартиры. Вот только проживает в этой параллельной реальности не Алиса, а тусовщик Иван."
Олдбой,Корея Южная,триллер,2003,7.3,"1988 год. Обыкновенный и ничем непримечательный бизнесмен О Дэ-cу в день трёхлетия дочери по пути домой напивается, начинает хулиганить и закономерно попадает в полицейский участок. Из участка его под своё поручительство забирает друг детства. Пока тот звонит жене незадачливого пьяницы, О Дэ-су пропадает. Неизвестные похищают его и помещают в комнату без окон на 15 лет."
Один дома,США,комедия,1990,7.3,"Американское семейство отправляется из Чикаго в Европу, но в спешке сборов бестолковые родители забывают дома... одного из своих детей. Юное создание, однако, не теряется и демонстрирует чудеса изобретательности. И когда в дом залезают грабители, им приходится не раз пожалеть о встрече с милым крошкой."
Ford против Ferrari,США,биография,2019,7.3,"В начале 1960-х Генри Форд II принимает решение улучшить имидж компании и сменить курс на производство более модных автомобилей. После неудавшейся попытки купить практически банкрота Ferrari американцы решают бросить вызов итальянским конкурентам на трассе и выиграть престижную гонку 24 часа Ле-Мана. Чтобы создать подходящую машину, компания нанимает автоконструктора Кэррола Шэлби, а тот отказывается работать без выдающегося, но, как считается, трудного в общении гонщика Кена Майлза. Вместе они принимаются за разработку впоследствии знаменитого спорткара Ford GT40."
Звёздные войны: Эпизод 3 – Месть ситхов,США,фантастика,2005,7.3,"Идёт третий год Войн клонов. Галактическая Республика, некогда бывшая спокойным и гармоничным государством, превратилась в поле битвы между армиями клонов, возглавляемых канцлером Палпатином, и армадами дроидов, которых ведёт граф Дуку, тёмный лорд ситхов. Республика медленно погружается во тьму. Лишь рыцари-джедаи, защитники мира и справедливости, могут противостоять злу, которое вскоре поглотит галактику. Но настоящая битва идёт в душе у молодого рыцаря-джедая Энакина, который разрывается между долгом джедая и любовью к своей жене, сенатору Падме Амидале. И от того, какое чувство в нём победит, зависит будущее всего мира."
Семьянин,США,фэнтези,2000,7.3,"Судьба в облике чернокожего Санты ставит перед Джеком непростой выбор. Он может быть президентом инвестиционной компании, жить в роскошной квартире, раскатывать на последней модели «Феррари» и при этом оставаться холостяком. А может стать семьянином, но работать продавцом автопокрышек, покупать одежду в супермаркете и ездить на минивэне."
Принцесса Мононоке,Япония,аниме,1997,7.3,"Убив вепря, юный принц Аситака навлек на себя смертельное проклятие. Старая знахарка предсказала, что только он сам способен изменить свою судьбу, и отважный воин отправился в опасное путешествие. Так он оказался в загадочной стране, где люди под предводительством злой госпожи Эбоси воевали с обитателями леса: духами, демонами и гигантскими существами, каких Аситака раньше никогда не видел. "
Гарри Поттер и Тайная комната,Великобритания,фэнтези,2002,7.3,"Гарри Поттер переходит на второй курс Школы чародейства и волшебства Хогвартс. Эльф Добби предупреждает Гарри об опасности, которая поджидает его там, и просит больше не возвращаться в школу."
Пролетая над гнездом кукушки,США,драма,1975,7.3,"Рэндла Патрика Макмёрфи, патологического преступника и бунтаря, переводят из колонии в психиатрическую клинику, чтобы установить, является он душевнобольным или нет. В клинике он обнаруживает, что отделение контролирует хладнокровная, строгая и одержимая распорядком старшая медсестра Милдред Рэтчед. Макмёрфи намерен не подчиняться абсурдным, на его взгляд, правилам и одновременно повеселиться от души. Его бунтарская натура заражает других пациентов, но сестра Рэтчед решительно настроена пресечь это."
Пальма,Россия,семейный,2020,7.3,"Овчарка по кличке Пальма вынужденно расстается с хозяином: тот улетает за границу, а верную собаку не берут на рейс и оставляют прямо на летном поле. Пальма прячется в аэропорту и каждый день встречает самолеты в надежде, что хозяин вернулся. Но время идет… 9-летний Коля — тоже новенький в аэропорту: он потерял маму и переехал к отцу-пилоту, которого почти не знает. Пальма становится для мальчика родственной душой и лучшим другом. А отцу Коли, летчику Лазареву, предстоит заслужить доверие и любовь сына, сделав нелегкий выбор между карьерой и семьей. И найти способ не разлучить друзей, когда за Пальмой однажды возвращается хозяин."
Король говорит!,США,драма,2010,7.3,"1936 год. После того как его брат отрёкся от престола, герцог Йоркский соглашается на трон. Измученный сильным заиканием и сомнениями в собственных способностях руководить страной, Георг VI обращается за помощью к логопеду по имени Лайонел Лог."
Загадочная история Бенджамина Баттона,США,драма,2008,7.3,"Фильм о мужчине, который родился в возрасте 80 лет, а затем… начал молодеть. Этот человек, как и каждый из нас, не мог остановить время. Его путь в ХХI век, берущий свое начало в Новом Орлеане в 1918 году в самом конце Первой Мировой войны, будет столь необычен, что вряд ли мог иметь место в жизни кого-либо другого. Фильм повествует о судьбе уникального человека, о людях и событиях, что ждут его впереди, о любви, которую он обретет и потеряет, о радостях жизни и грусти потерь и о том, что остается с нами вне времени."
Три плюс два,СССР,мелодрама,1963,7.3,"Трое друзей из Москвы живут «дикарями» в замечательном месте с песчаным пляжем, пресной водой, тенью и дровами у самого моря. Отдыхают."
Общество мертвых поэтов,США,драма,1989,7.3,"Джон Китинг — новый преподаватель английской словесности в консервативном американском колледже. От чопорной массы учителей его выгодно отличают легкость общения, эксцентричное поведение и пренебрежение к программе обучения. "
Пианист,Франция,драма,2002,7.3,"Фильм снят по автобиографии Владислава Шпильмана, одного из лучших пианистов Польши 30-х годов прошлого века. Главный герой фильма — Владек — занимается искусством до тех пор, пока территорию Польши не занимают нацисты. Жизнь всех евреев меняется: их помещают в Варшавское гетто, запрещают работать, унижают, заставляют носить отличительные повязки, а через некоторое время отправляют в концлагерь."
Граф Монте-Кристо,Франция,триллер,2024,7.3,"1815 год. В день свадьбы с возлюбленной молодого капитана дальнего плавания Эдмона Дантеса по лживому доносу и несправедливому обвинению в государственной измене без суда и следствия отправляют в одну из самых страшных тюрем — в замок Иф. После 4 лет заключения в тюрьме он встречает ещё одного узника — аббата Фариа, который пытается прорыть тоннель для побега. Став помощником Фариа, Дантес узнает от него о месте, где спрятаны несметные богатства ордена тамплиеров. Спустя 10 лет, совершив побег и добравшись до сокровищ, Дантес становится загадочным графом Монте-Кристо и начинает воплощать хитроумный план мести, чтобы покарать тех, кто сломал ему жизнь."
Боб Тревино поставил лайк,США,драма,2024,7.3,"После того как эгоистичный отец перестал с ней общаться, 25-летняя Лили Тревино находит в соцсетях его полного тёзку — добродушного строителя средних лет по имени Боб Тревино. Они начинают переписываться, и вскоре виртуальное знакомство перерастает в большую дружбу, помогающую обоим по-новому взглянуть на жизнь."
Страсти Христовы,США,драма,2004,7.3,Попытка детально воссоздать последние двенадцать часов из жизни Иисуса Христа.
Опасная игра Слоун,США,драма,2016,7.3,"Элизабет Слоун — самый востребованный и рисковый лоббист политического бизнеса США. Ловко ведя психологические игры и используя искусство манипуляции, она сражает оппонентов своей непредсказуемостью и никогда не проигрывает. Но когда она берется за самое сложное в своей карьере дело, то понимает, что цена победы может быть слишком высокой."
Вокзал для двоих,СССР,драма,1982,7.3,"Город Заступинск, где-то между Москвой и Алма-Атой, ближе к Воронежу. Вокзальная буфетчица Вера и пианист Платон Рябинин из Москвы познакомились при весьма непривлекательных обстоятельствах. В результате Вера потеряла жениха с дынями, но нашла любимого, который вскоре должен отбыть в отдаленные места, чтобы нести наказание за несовершенное преступление..."
Алеша Попович и Тугарин Змей,Россия,мультфильм,2004,7.3,"Когда подступила к Ростову вражеская орда во главе с Тугариным Змеем, Алеша Попович не сумел уберечь жителей от выплаты дани. Теперь богатырь должен восстановить доброе имя, вернуть золото и прогнать неприятеля с земли русской. Он отправляется в путешествие, а помогут ему в этом дядька Тихон, девушка Любава, ее бабушка и говорящий конь Юлий."
Темный рыцарь: Возрождение легенды,США,фантастика,2012,7.3,"Восемь лет назад Бэтмен растворился в ночи, превратившись из героя в беглеца. Приняв на себя вину за смерть прокурора Харви Дента, он пожертвовал всем. Вместе с комиссаром Гордоном они решили, что так будет лучше для всех. Пока преступность была раздавлена антикриминальным актом Дента, ложь действовала."
Век Адалин,США,драма,2015,7.3,"Адалин Боуман — столетняя молодая женщина 1908 года рождения. После автокатастрофы и поражения молнией в 1937 году она перестала стареть. Каждые десять лет она меняет личность, документы, работу и окружение. Неизменными спутниками для неё остаются только стареющая дочь, подруга — слепая пианистка, не знающая возраста Адалин, и десятая по счёту собака одной и той же породы. Однажды на праздновании Нового года Адалин встречает симпатичного молодого человека по имени Эллис, ради которого ей хочется перестать убегать."
Ла-Ла Ленд,США,мюзикл,2016,7.3,"Это история любви старлетки, которая между прослушиваниями подает кофе состоявшимся кинозвездам, и фанатичного джазового музыканта, вынужденного подрабатывать в заштатных барах. Но пришедший к влюбленным успех начинает подтачивать их отношения."
Железный человек,США,фантастика,2008,7.3,"Миллиардер-изобретатель Тони Старк попадает в плен к Афганским террористам, которые пытаются заставить его создать оружие массового поражения. В тайне от своих захватчиков Старк конструирует высокотехнологичную киберброню, которая помогает  ему сбежать. Однако по возвращении в США он узнаёт, что в совете директоров его фирмы плетётся заговор, чреватый страшными последствиями. Используя своё последнее изобретение, Старк пытается решить проблемы своей компании радикально..."
Гарри Поттер и Дары Смерти: Часть II,Великобритания,фэнтези,2011,7.3,"Битва между добрыми и злыми силами мира волшебников перерастает во всеобщую войну. Ставки ещё никогда не были так высоки, а поиск убежища — столь сложен. И, быть может, именно Гарри Поттеру придется пожертвовать всем в финальном сражении с Волан-де-Мортом."
Одна жизнь,Великобритания,драма,2023,7.3,"Скромного и непубличного джентльмена Николаса Уинтона приглашают на телевизионное ток-шоу, где он наконец-то узнает всю правду о событиях Второй мировой войны, когда он пытался спасти сотни детей от гибели в концлагере. Одна жизнь может изменить судьбы сотен людей — как в прошлом, так и в настоящем."
Отель «Гранд Будапешт»,США,комедия,2014,7.3,"Фильм рассказывает об увлекательных приключениях легендарного консьержа Густава и его юного друга, портье Зеро Мустафы. Сотрудники гостиницы становятся свидетелями кражи и поисков бесценных картин эпохи Возрождения, борьбы за огромное состояние богатой семьи и… драматических изменений в Европе между двумя кровопролитными войнами XX века."
Акира,Япония,аниме,1987,7.3,"Спустя 31 год после Третьей мировой войны и ядерной бомбардировки столицы Японии, воссоздан новый город - Нью-Токио. Внешне все под контролем, однако страна теперь напоминает профашистское государство, жесточайшим образом подавляющее попытки мятежа. В исследовательских центрах проводятся парапсихологические опыты над людьми для разработки совершенного вида оружия."
Дневник памяти,США,драма,2004,7.3,"Это история отношений юноши и девушки из разных социальных слоев, живших в Южной Каролине. Ной и Элли провели вместе незабываемое лето, пока их не разделили вначале родители, а затем Вторая мировая война."
Особенности национальной охоты,Россия,комедия,1995,7.3,"Молодой финский специалист по охоте, «финик», уговаривает своего русского друга помочь ему поучаствовать в настоящей русской охоте, дабы познакомиться с нравами и привычками русских охотников."
Поток,Латвия,мультфильм,2024,7.3,"Происходит глобальное наводнение, и черный кот вынужден спасаться в лодке вместе с другими животными."
Ученик чудовища,Япония,аниме,2015,7.2,"9-летний мальчик Рэн остался без родителей, сбежал от опекунов и скитался по улицам Токио. Там он встречает великого воина Медвежута — похожее на медведя чудище, явившееся из параллельного мира, чтобы найти себе ученика. Им и становится Рэн. В мире чудовищ мальчик получает имя Девята и под началом Медвежута начинает тренировки, чтобы стать мастером боевых искусств."
Роднина,Россия,спорт,2025,7.2,"Впервые встав на лед, маленькая Ира понимает, что нашла свое призвание. Спустя годы талантливая спортсменка идет к заветной золотой медали, но судьба преподносит ей настоящие испытания. Преодолев тяжелую болезнь, измену партнера, конфликт с тренером, Ирина Роднина обретает настоящую любовь и, благодаря невероятной силе духа и жажде победы, бросает вызов всему миру — возвращается на лед, чтобы стать легендой советского и мирового спорта."
Красота по-американски,США,драма,1999,7.2,"Лестер Бернэм переживает кризис среднего возраста. Его не уважают и не ценят на работе, а от счастливой семьи осталась лишь видимость. У жены Кэролайн страстный роман с коллегой по работе, а угрюмая дочь-подросток Джейн увлечена соседским парнем, побывавшим в психиатрической больнице."
Эффект бабочки,США,фантастика,2003,7.2,"Эван перенял от своего отца-психопата, ныне запертого в доме для умалишённых, странную болезнь — он не помнит некоторых эпизодов своей жизни, причем в эти моменты происходили довольно странные, а то и ужасные события. Поступив в колледж, Эван делает удивительное открытие. Читая дневники, которые писал в детстве по совету врача, он может возвращаться в детство и менять будущее."
Старикам тут не место,США,триллер,2007,7.2,"Обычный работяга обнаруживает в пустыне гору трупов, набитый героином грузовик и соблазнительную сумму в два миллиона долларов наличными. Он решает взять деньги себе, и результатом становится волна насилия, которую не может остановить вся полиция Западного Техаса."
Игра в имитацию,США,биография,2014,7.2,Английский математик и логик Алан Тьюринг пытается взломать код немецкой шифровальной машины Enigma во время Второй мировой войны.
Иллюзия обмана,США,криминал,2013,7.2,"Команда лучших иллюзионистов мира проворачивает дерзкие ограбления прямо во время своих шоу, играя в кошки-мышки с агентами ФБР."
Выстрел в пустоту,США,криминал,2015,7.2,"Будучи нетрезвым, успешный биржевой маклер Джейкоб Харлон попадает в автомобильную аварию, в которой погибает его коллега по работе. Оказавшись за решёткой, мужчина быстро принимает жестокие правила игры и вскоре завоёвывает авторитет. Всё глубже погружаясь в мир тюремного криминала, Джейкоб вскоре понимает, что в прежней жизни ему уже нет места."
Мотылёк,США,криминал,2017,7.2,"Взломщик сейфов по прозвищу Мотылёк получает пожизненный срок и отправляется на каторгу за убийство, которого он не совершал. Когда вокруг враги, а надежда угасает с каждым днём заключения, лишь сила духа может помочь Мотыльку обрести свободу."
В погоне за счастьем,США,драма,2006,7.2,"Крис Гарднер – отец-одиночка. Воспитывая пятилетнего сына, Крис изо всех сил старается сделать так, чтобы ребенок рос счастливым. Работая продавцом, он не может оплатить квартиру, и их выселяют."
Группа крови,Россия,военный,2025,7.2,"Ноябрь 1943 года. Фашисты привозят новую партию советских детей-сирот в Вырицу, где в бывшем пионерлагере развернут так называемый «детский приют». Условия здесь невыносимые: холод, голод, принудительный труд, карцер за неповиновение, за попытку побега — расстрел. Но самое страшное: детей здесь используют как доноров крови для раненых немцев. Несмотря на весь ужас и немыслимость происходящего, сплотившись, юные герои находят в себе силы и смелость сопротивляться и решаются на побег."
Десять негритят,СССР,криминал,1987,7.2,"Десять человек приглашены на Негритянский остров под разными предлогами. Оказавшись в замке, каждый слышит записанный на пластинку смертный приговор. На столе - черные фигурки негритят, в каждой спальне - стишок на стене. «Десять негритят решили пообедать, один из них вдруг поперхнулся, и их осталось девять». Умирает человек - исчезает фигурка негритенка..."
Приключения Паддингтона 2,Франция,фэнтези,2017,7.2,"В антикварном магазине Лондона обаятельный и хорошо воспитанный медведь Паддингтон находит уникальную старинную книгу. Пока он изо всех своих медвежьих сил старается накопить на неё, редчайшее издание внезапно похищают. Паддингтон оказывается втянут в аферу века, затеянную знаменитым, но вышедшим в тираж актером, который ныне рекламирует собачьи консервы, а свой талант к перевоплощению использует в охоте за сокровищами."
Назад в будущее 2,США,фантастика,1989,7.2,Продолжение фантастической истории о приключениях американского подростка во времени. На этот раз с помощью модернизированной Доком машины времени Марти из 80-х попадает в будущее.
Таксист,Корея Южная,история,2017,7.2,В результате военного переворота в декабре 1979 года южнокорейским президентом становится Чон Ду-хван. После расстрела студенческой демонстрации в городе Кванджу местные жители решают массово выступить против режима. Диктатор бросает на подавление восстания военные части. 
Пираты Карибского моря: На краю света,США,приключения,2007,7.2,"Новые приключения Джека Воробья и его друзей Уилла Тернера и Элизабет Суонн. На этот раз Уиллу и Элизабет придется объединиться с самим Капитаном Барбоссой для того, чтобы отправиться на край света и спасти своего друга — Джека. Ситуация осложняется тем, что Элизабет попадает к сингапурским пиратам…"
Чудо,США,драма,2017,7.2,"С одной стороны 10-летний Август Пулман такой же как и другие мальчишки его возраста — любит ходить на дни рождения к друзьям, играть в компьютерные игры и фанатеет от «Звездных войн». А с другой — он совсем не такой. Август никогда не ходил в обычную школу — с первого класса с ним дома занималась мама. Также мальчик перенес 27 операций. Из-за генетической аномалии у Августа деформировано лицо, и он идёт в школу первый раз."
Гарри Поттер и Кубок огня,Великобритания,фэнтези,2005,7.2,"Гарри Поттер, Рон и Гермиона возвращаются на четвёртый курс школы чародейства и волшебства Хогвартс. При таинственных обстоятельствах Гарри был отобран в число участников опасного соревнования — Турнира Трёх Волшебников, однако проблема в том, что все его соперники — намного старше и сильнее."
Чужой,Великобритания,ужасы,1979,7.2,"В далеком будущем возвращающийся на Землю грузовой космический корабль перехватывает исходящий с неизвестной планеты сигнал. Экипаж, в соответствии с основными инструкциями, обязан найти и исследовать источник сигнала. Оказавшись на планете, астронавты повсюду обнаруживают предметы, по виду напоминающие гигантские коконы."
Охота,Дания,драма,2012,7.2,"42-летний Лукас живет в небольшой датской деревушке, работает воспитателем в детском саду и пытается оправиться после тяжелого развода. Жизнь постепенно налаживается: он встречает любимую женщину и восстанавливает отношения с сыном-подростком Маркусом. Но детская обида дочери его лучшего друга провоцирует ложь, которая распространяется по небольшому сообществу как вирус. Мир Лукаса трещит по швам."
Убить Билла,США,боевик,2003,7.2,"В беременную наёмную убийцу по кличке Чёрная Мамба во время бракосочетания стреляет человек по имени Билл. Но голова у женщины оказалась крепкой — пролежав четыре года в коме, бывшая невеста приходит в себя. Она горит желанием найти предателей. Теперь только безжалостная месть успокоит сердце Чёрной Мамбы, и она начинает по очереди убивать членов банды Билла, решив оставить главаря напоследок."
Игра,США,триллер,1997,7.2,"Николас Ван Ортон - само воплощение успеха. Он преуспевает, он невозмутим и спокоен, привык держать любую ситуацию под контролем. На день рождения Николас получает необычный подарок - билет для участия в «Игре»."
Славные парни,США,драма,1990,7.2,"История о Генри Хилле — начинающем гангстере, занимающемся грабежами вместе с подельниками Джими Конвеем и Томми Де Вито, которые с легкостью убивают любого, кто встаёт у них на пути."
Шестое чувство,США,детектив,1999,7.2,"Детский психиатр Малкольм Кроу сталкивается со странным случаем: девятилетнего Коула посещают страшные видения — призраки умерших. Как врач Малкольм бессилен помочь, но как человек он пытается найти ключ к ужасному миру Коула."
Американская история X,США,драма,1998,7.2,"Лидер местной банды скинхедов Дерек Виньярд прочно удерживает авторитет в своём районе. Убеждённый в своей правоте, он беспощадно расправляется с теми, кто имеет не белый цвет кожи. Независимость и смелость Дерека вызывают восхищение у его младшего брата Дэнни, который уже тоже сделал свой выбор."
Сталкер,СССР,фантастика,1979,7.2,"В некой запретной Зоне, по слухам, существует комната, где исполняются самые заветные желания. К этой комнате отправляются модный Писатель и авторитетный Профессор — каждый по своим причинам, о которых предпочитают не говорить. А ведет их туда Сталкер — проводник по Зоне — то ли юродивый, то ли апостол новой веры."
Человек-паук,США,фантастика,2002,7.2,"Питер Паркер – обыкновенный школьник. Однажды он отправился с классом на экскурсию, где его кусает странный паук-мутант. Через время парень почувствовал в себе нечеловеческую силу и ловкость в движении, а главное – умение лазать по стенам и метать стальную паутину. Свои способности он направляет на защиту слабых. Так Питер становится настоящим супергероем по имени Человек-паук, который помогает людям и борется с преступностью. Но там, где есть супергерой, рано или поздно всегда объявляется и суперзлодей..."
Экипаж,Россия,драма,2016,7.2,"Талантливый молодой лётчик Алексей Гущин не признаёт авторитетов, предпочитая поступать в соответствии с личным кодексом чести. За невыполнение абсурдного приказа его выгоняют из военной авиации, и только чудом он получает шанс летать на гражданских самолётах. "
Бронкская история,США,драма,1993,7.2,"Король бронкской мафии Сонни убил человека. Просто так. Из-за места на парковке. Среди бела дня вытащил пистолет и несколько раз выстрелил. Полиция узнала, что свидетелем преступления был 9-летний Калоджеро, и допросила мальчика. Но Калоджеро не выдал Сонни. Так началась их дружба. И когда Калоджеро вырос, он не просто стал свидетелем других кровавых деяний своего босса, но и сам оказался на краю пропасти."
Выживший,США,приключения,2015,7.2,"Охотник Хью Гласс серьезно ранен на неизведанных просторах американского Дикого Запада. Товарищ Хью по отряду покорителей новых земель Джон Фицжеральд предательски оставляет его умирать в одиночестве. Теперь у Гласса осталось только одно оружие – его сила воли. Он готов бросить вызов первобытной природе, суровой зиме и враждебным племенам индейцев, только чтобы выжить и отомстить Фицжеральду."
Белорусский вокзал,СССР,драма,1970,7.2,"Герои фильма расстались на Белорусском вокзале летом 1945-го. Спустя четверть века они встречаются на похоронах боевого товарища. В их душах с новой силой оживает пережитое. Время не властно над их памятью: ветераны сохранили верность фронтовой дружбе, способность жертвовать собой, неистребимую любовь к жизни."
Амели,Франция,мелодрама,2001,7.2,"Как полет крошечной мухи может вызвать где-то далеко мощный ураган, так и странные и, на первый взгляд, непонятные поступки тихой одинокой девушки, живущей в мире своих фантазий, могут навсегда изменить жизнь совершенно разных людей, подарив им счастье и раскрасив окружающий мир яркими красками. Эту девушку зовут Амели Пулен."
Вам и не снилось...,СССР,драма,1980,7.2,"Школьники Роман и Катя тянутся друг к другу со всей безоглядностью первой любви. Мать Кати очень счастлива во втором браке и в озарении этого счастья хорошо понимает дочь. Роман находит поддержку у отца, давно и безответно любящего Катину маму. Но рядом ходят люди, ничего не знающие о любви..."
Хоббит: Нежданное путешествие,Новая Зеландия,фэнтези,2012,7.2,"Хоббит Бильбо Бэггинс пускается в грандиозный поход, целью которого является отвоевание утраченного королевства гномов Эребор у дракона Смауга. Совершенно неожиданно с хоббитом налаживает контакт волшебник Гэндальф Серый. Так Бильбо находит себя и присоединяется к компании тринадцати гномов, возглавляемых легендарным воином Торином Дубощитом. Их путешествие пройдёт через Дикий Край, предательские земли, населенные гоблинами и орками, смертоносными варгами, гигантскими пауками, меняющим шкуры народом и волшебниками."
Курьер,СССР,драма,1986,7.2,"Выпускник школы Иван, дожидаясь призыва в армию, работает курьером в редакции. Окружающие его солидные взрослые люди с трудом приспосабливаются к удивительной способности этого парня любое событие превратить в невероятное происшествие - порой уморительно веселое, а, подчас, и непоправимо грустное…"
Константин: Повелитель тьмы,США,фэнтези,2005,7.2,"Джону Константину удалось не только побывать в аду, но и вернуться обратно. Родившись с неугодным самому себе талантом — способностью распознавать помесь ангелов и демонов, которые бродят по земле в облике людей, — Константин под давлением обстоятельств пытается совершить самоубийство, лишь бы избавиться от мучительных видений. Но неудачно. Воскрешенный против собственной воли он снова оказывается в мире живых. Теперь, отмеченный печатью суицида и получивший временное право на жизнь, он патрулирует границу, разделяющую рай и ад, тщетно надеясь на обретение спасения путем сражения с земными ставленниками зла."
Покровские ворота,СССР,мюзикл,1982,7.2,"Если вы развелись, и ваша бывшая жена снова вышла замуж — это еще не значит, что вы свободны. Если вы пригласили девушку на свидание, и она пришла, это еще не значит, что она будет вашей. Но если при этом ваш сосед по коммуналке — аспирант Костик, то можете быть уверены — все будет хорошо."
"Три билборда на границе Эббинга, Миссури",Великобритания,драма,2017,7.2,"Спустя несколько месяцев после убийства дочери Милдред Хейс преступники так и не найдены. Отчаявшаяся женщина решается на смелый шаг - арендует на въезде в город три билборда и оставляет на них послание главе полиции Уильяму Уиллоуби. Когда в ситуацию оказывается втянут ещё и заместитель шерифа Диксон, инфантильный маменькин сынок со склонностью к насилию, борьба между Милдред и властями города только усугубляется."
Нечто,США,ужасы,1982,7.2,"Команде ученых американской исследовательской станции в Антарктике предстоит столкнуться с необъяснимым кошмаром. Отрезанные от остального мира полярники вступают в схватку с инопланетной тварью, способной принимать обличье земных существ."
Твоё имя,Япония,аниме,2016,7.2,"Токийский парень Таки и провинциальная девушка Мицуха обнаруживают, что между ними существует странная связь. Во сне они меняются телами и проживают жизни друг друга. Но однажды эта способность исчезает так же внезапно, как появилась. Таки решает во что бы то ни стало отыскать Мицуху."
Один день,США,драма,2011,7.2,"Эмма романтична, остра на язык и хочет изменить мир к лучшему. Декстер — плейбой, баловень судьбы и хочет, чтобы мир принадлежал ему. Впервые они встретились на выпускном в колледже и провели вместе только один день. А потом пришла ночь, и они решили остаться друзьями."
Прислуга,США,драма,2011,7.2,"Американский Юг, на дворе 1960-е годы. Скитер только-только закончила университет и возвращается домой, в сонный городок Джексон, где никогда ничего не происходит. Она мечтает стать писательницей, вырваться в большой мир. Но для приличной девушки с Юга не пристало тешиться столь глупыми иллюзиями, приличной девушке следует выйти замуж и хлопотать по дому."
Изгой,США,драма,2000,7.2,"Инспектор логистической компании FedEx Чак Ноланд — трудоголик, у которого нет времени даже на собственную невесту. Во время очередной командировки самолет с Ноландом падает в Тихий океан. Чак, единственный, кому посчастливилось спастись, оказывается на необитаемом острове, где ему придется бороться за выживание."
Чего хотят женщины,США,мелодрама,2000,7.2,"Сексапильный Ник Маршал находится на пике карьеры в рекламном агентстве и рассчитывает на повышение, но его место занимает Дарси Макгуайр. Однажды с Ником происходит несчастный случай, после которого он начинает читать женские мысли. С помощью этого дара плейбой хочет вернуть утраченные позиции на работе, но вместо этого находит свою любовь."
Спасти рядового Райана,США,военный,1998,7.2,"Вторая мировая. Капитан Джон Миллер получает тяжелое задание. Вместе с отрядом из восьми человек он должен отправиться в тыл врага на поиски рядового Джеймса Райана, три родных брата которого почти одновременно погибли на полях сражений."
Воин,США,драма,2011,7.2,"Боец Томми Конлон приезжает навестить отца, в прошлом алкоголика, которого не видел 14 лет. Семейное прошлое у Томми и его брата Брендана было не сильно радужное, но теперь Томми просит отца вновь, как и в детстве, стать его тренером, чтобы выиграть турнир MMA «Спарта» с призом в 5 миллионов долларов. В это же время Брендан, семьянин и отец троих детей, который работает учителем физики в школе, тщетно пытается справиться с финансовыми трудностями. Узнав, что банк через 3 месяца отберёт у них дом за долги, он возвращается к боям за деньги, из-за чего его в итоге отстраняют от работы. Заручившись поддержкой старого друга-тренера, он тоже решает участвовать в турнире, ещё не зная, что встретит там брата."
О чём говорят мужчины,Россия,комедия,2010,7.2,"О чем говорят мужчины? Конечно, о женщинах. Нет, еще о работе, о деньгах, о машинах, о футболе,… но в основном, все-таки, о женщинах. А уж если у них впереди два дня, которые они, вырвавшись из офисов и семей, уехав от всех забот и обязательств, проведут в дороге – два дня, насыщенные событиями и приключениями – то можете быть уверены, что за это время они успеют обсудить немало тем…"
Вечное сияние чистого разума,США,мелодрама,2004,7.2,"Застенчивый и меланхоличный Джоэл живёт ничем не примечательной серой и унылой жизнью. Но однажды вместо привычного рабочего маршрута молодой человек вдруг садится на электричку в другом направлении и устремляется к морю. На песчаном берегу Джоэл замечает девушку с ярко-синими волосами. На обратном пути они знакомятся в вагоне электрички и парень понимает, что у них с Клементиной очень много общего, как будто он уже знает эту девушку. Совсем скоро Джоэл поймёт, что действительно был знаком с ней, более того - они были парой."
Нефть,США,драма,2007,7.2,"Начало XX века. Предприниматель Дэниэл Плэйнвью ищет золото и серебро, а находит нефть. За несколько лет он становится преуспевающим нефтяником, разработавшим уже несколько скважин. Однажды он узнает про новое месторождение. Уцепившись за этот шанс разбогатеть, Дэниэл делает всё, чтобы добиться своего."
Джокер,США,драма,2019,7.2,"Готэм, начало 1980-х годов. Комик Артур Флек живет с больной матерью, которая с детства учит его «ходить с улыбкой». Пытаясь нести в мир хорошее и дарить людям радость, Артур сталкивается с человеческой жестокостью и постепенно приходит к выводу, что этот мир получит от него не добрую улыбку, а ухмылку злодея Джокера."
Пленницы,США,триллер,2013,7.2,"Келлер Довер сталкивается с самым большим кошмаром каждого родителя: его шестилетняя дочь пропала вместе с подругой. Время бежит, девочки не возвращаются, и паника достигает своего предела. Единственная зацепка - обветшалый фургончик, который был припаркован на их улице, когда девочки играли во дворе. Детектив Локки, возглавляющий расследование, арестовывает его водителя, Алекса Джонса, но вскоре полиция вынуждена его отпустить из-за нехватки улик. Полиция медлит, а обезумевший от горя отец берет дело в свои руки. Но как далеко готов зайти Келлер в поисках девочек?"
Берегись автомобиля,СССР,криминал,1966,7.2,"Скромный страховой агент и актер театра самодеятельности Юрий Деточкин оказывается непримиримым борцом за справедливость. Он угоняет машины взяточников, продаёт их, а вырученные деньги перечисляет детским домам. Правда, для правосудия, представляемого актером того же театра, а в миру — следователем Подберёзовиковым, этот Робин Гуд представляется хитроумным, изобретательным и неуловимым преступником."
Нюрнберг. Многомерность зла,Россия,драма,2023,7.2,"Всего за несколько часов беседы в камере нюрнбергской тюрьмы советский психиатр Евгений Константинович Краснушкин, используя уникальный метод, получает от Рудольфа Хёсса детализированные сведения о холокосте и геноциде русского народа. Лучший психиатр Советского Союза разоблачает не только руководство и прислужников третьего рейха, но и на примере Хёсса раскрывает психотип нациста, от «сущности» которых стынут жилы."
Калина красная,СССР,драма,1973,7.2,"Вор-рецидивист Егор Прокудин по прозвищу Горе выходит на свободу после очередной отсидки. Он едет в деревню Ясное к Любе Байкаловой, с которой переписывался, отбывая наказание. Егор намерен отойти от дел — теперь у него есть друзья, работа и любимая женщина. Однако бывшие подельники не готовы его отпустить."
Люди в чёрном,США,фантастика,1997,7.2,"Они - самый большой секрет Земли. Они работают на неофициальное правительственное агентство, регулирующее деятельность инопланетян на Земле."
Земмельвейс,Венгрия,драма,2023,7.2,"Вена, 1847 год. Врач Игнац Земмельвейс сталкивается с загадочной эпидемией детородной лихорадки, уносящей жизни многих пациентов в больнице. Ежедневно проводя роды и выполняя вскрытия, он настойчиво ищет причину этого смертельного недуга. Но его попытки разобраться в тайне сталкиваются с сопротивлением со стороны консервативной медицинской общественности, и он вынужден бороться не только с болезнью, но и с системой, которая препятствует его усилиям спасти жизни своих пациентов."
Терминатор,США,фантастика,1984,7.2,"История противостояния солдата Кайла Риза и киборга-терминатора, прибывших в 1984 год из пост-апокалиптического будущего, где миром правят машины-убийцы, а человечество находится на грани вымирания."
Приключения Шерлока Холмса и доктора Ватсона: Охота на тигра,СССР,криминал,1980,7.2,"Доктор Ватсон рано похоронил своего друга в водах Рейхенбахского водопада. Шерлок Холмс не так прост. Он воскрес из мертвых, чтобы вступить в схватку с последним безжалостным убийцей из шайки гения преступного мира профессора Мориарти..."
Игрушка,Франция,драма,1976,7.2,"Незадачливый сотрудник редакции Франсуа, опасаясь потерять работу, соглашается на экстравагантное предложение своего босса и… становится живой игрушкой для его капризного избалованного сына. Этот ребёнок, ни в чем не знающий отказа, испробовал все виды развлечений, и вот теперь с надменной радостью манипулирует взрослым мужчиной, вынужденным играть роль домашнего клоуна. Но постепенно между мальчиком и его «игрушкой» возникают доверительные отношения."
Бешеные псы,США,криминал,1991,7.2,"Это должно было стать идеальным преступлением. Задумав ограбить ювелирный магазин, криминальный босс Джо Кэбот собрал вместе шестерых опытных и совершенно незнакомых друг с другом преступников. Но с самого начала все пошло не так, и обычный грабеж превратился в кровавую бойню."
Гнев,США,боевик,2004,7.2,"Состоятельные жители Мехико в панике: всего за шесть дней в городе пропали 24 человека. Бывшего агента ЦРУ Джона Кризи нанимают телохранителем девятилетней дочери промышленника Сэмюэля Рамоса, Питы Рамос. Поначалу Кризи терпит соседство не по годам развитой девочки, но со временем они становятся друзьями."
Марли и я,США,драма,2008,7.2,"Молодой журналист со своей женой переезжает в другой город на новое место работы. У них грандиозные планы: покупка дома, дети... Но сначала они заводят собаку. Кто бы мог подумать, что именно она станет главным испытанием в их жизни."
Белая птица: Новое чудо,США,драма,2023,7.2,"Джулиана Олбанса исключили из школы за жестокое обращение с Огги Пуллманом. К Джулиану приезжает бабушка, которая делится с внуком историей ее юности в оккупированной нацистами Франции. Тогда ее жизнь спасли только доброта и мужество почти незнакомого ей юноши, которого также донимали в школе одноклассники."
Лицо со шрамом,США,драма,1983,7.2,"Весной 1980 года был открыт порт Мэйриэл Харбор, и тысячи кубинских беженцев ринулись в Соединенные Штаты на поиски Американской Мечты. Один из них нашел ее на залитых солнцем улицах Майами. Богатство, власть и страсть превзошли даже самые невероятные его мечты. Его звали Тони Монтана. Мир запомнил его под другим именем — Лицо со шрамом."
Лило и Стич,США,мультфильм,2002,7.2,"Лило — это маленькая девочка, живущая на Гавайах. Она сирота и живет вместе со своей старшей сестрой Нани. Лило любит всех животных, но больше всего она подружилась с собачкой по имени Стич, которая на самом деле совсем не собачка, а замаскированный инопланетянин."
Уроки фарси,Россия,драма,2020,7.2,"1942 год, оккупированная Европа. Оказавшись в концлагере, бельгиец еврейского происхождения Жиль Кремье выдает себя за перса — для него это единственная возможность остаться в живых. Довольные таким редким уловом немецкие солдаты приводят Жиля к концлагерному повару Клаусу Коху, который мечтает, как только закончится война, уехать в Иран и открыть там ресторан. Кох ищет настоящего перса, который научит его говорить на фарси. Так начинается история Жиля Кремье и Клауса Коха — еврея и немца, узника и тюремщика, учителя и ученика."
Римские каникулы,США,драма,1953,7.2,"В Рим с официальным визитом прибывает юная принцесса Анна. Дни её расписаны по минутам – приемы, посещения фабрик, интервью… в общем, тоска! Она совсем девчонка, ей хочется свободы и она убегает из дворца на улицу, где гуляют, поют и целуются жители Вечного города."
Бегущий по лезвию 2049,США,фантастика,2017,7.2,"В недалеком будущем мир населен людьми и репликантами, созданными выполнять самую тяжелую работу. Работа офицера полиции Кей — держать репликантов под контролем в условиях нарастающего напряжения. Он случайно становится обладателем секретной информации, которая ставит под угрозу существование всего человечества. Желая найти ключ к разгадке, Кей решает разыскать Рика Декарда — бывшего офицера специального подразделения полиции Лос-Анджелеса, который бесследно исчез много лет назад."
Убойные каникулы,Канада,комедия,2010,7.2,"Группа студентов отправляется за город, чтобы вовсю оторваться на выходных: попить пивка, поплавать в озере и подышать чистым воздухом. Но в первый же день они сталкиваются с неотёсанными фермерами Такером и Дейлом, которые тоже решили как следует оттянуться на природе. Приняв этих на вид диковатых, но безобидных ребят за злобных маньяков, горожане решают дать деревенщине жёсткий отпор."
Шерлок Холмс и доктор Ватсон: Смертельная схватка,СССР,криминал,1980,7.2,"Шерлок Холмс вступил в смертельную схватку с главарем английской преступности профессором Мориарти. В сети полиции попали все, кроме главаря, и друзья на время решили укрыться в тихой Швейцарии. Но от гнева Мориарти ещё не ускользал никто."
Умница Уилл Хантинг,США,драма,1997,7.2,"Уилл Хантинг - 20-летний вундеркинд из Бостона, который то и дело ввязывается в неприятные истории. И когда полиция арестовывает его за очередную драку, профессор математики берет его под свою опеку, но при одном условии: Уилл должен пройти курс психотерапии. Сеансы «перевоспитания», начавшиеся с недоверия, постепенно перерастают в дружбу между Уиллом и его наставником."
Иллюзионист,США,драма,2005,7.1,"Вена. Начало 20 века. В городе появляется загадочный человек, называвший себя иллюзионистом Эйзенхаймом. Он показывает публике невиданные фокусы, которые кажутся не иначе как волшебством. "
Схватка,США,боевик,1995,7.1,Нил МакКоли - один из лучших преступников Лос-Анджелеса. Ему противостоит лучший детектив Винсент Ханна. Две сильнейшие команды сходятся друг против друга в смертельной схватке.
Истребитель демонов: Бесконечная крепость,Япония,аниме,2025,7.1,"Демоны убили всех родных Тандзиро Камадо и обратили его младшую сестру Нэдзуко в демона. Парень вступил в Корпус истребителей демонов. Пока бойцы тренируются и готовятся к схватке с демонами, в поместье главы Корпуса появляется Мудзан Кибуцудзи — прародитель всех демонов и убийца семьи Тандзиро. Истребители спешат лидеру на помощь, но Мудзан переносит их в крепость демонов под названием Замок бесконечности."
Бесподобный мистер Фокс,США,мультфильм,2009,7.1,"Разъяренные фермеры, уставшие от постоянных нападок хитрого лиса на их курятники, готовятся уничтожить своего врага и его «хитрое» семейство."
Такси 2,Франция,боевик,2000,7.1,Во Францию прибывает министр обороны Японии. Цель его визита - ознакомиться с французским опытом борьбы с терроризмом и подписать «контракт века» о взаимном сотрудничестве.
Искупление,Великобритания,драма,2007,7.1,"Действие фильма начинается в 1935 году и разворачивается на фоне Второй мировой войны. Талантливая тринадцатилетняя писательница Бриони Таллис бесповоротно меняет ход нескольких жизней, когда обвиняет любовника старшей сестры в преступлении, которого он не совершал."
День сурка,США,фэнтези,1993,7.1,Телевизионный комментатор Фил Коннорс каждый год приезжает в маленький городок в штате Пенсильвания на празднование Дня сурка. Но на этот раз веселье рискует зайти слишком далеко. Время сыграло с ним злую шутку: оно взяло да и остановилось.
Казино,США,драма,1995,7.1,"Никто не может сравниться с Сэмом Ротстином. Никто не умеет зарабатывать деньги, как он. Никто не умеет работать так самоотверженно и аккуратно, как трудяга Сэм. За свои неоспоримые достоинства Ротстин получил кличку Ас. И именно поэтому боссы мафии решили поручить Асу заправлять огромным шикарным казино в Лас-Вегасе. А чтобы Сэму никто не мешал работать, мафиози отправили вслед за Асом друга детства Ротстина - Никки Санторо, отпетого бандита и безжалостного головореза."
Невидимый гость,Испания,триллер,2016,7.1,"Молодого бизнесмена Адриана Дориа обвиняют в убийстве любовницы, и он решает воспользоваться услугами Вирджинии Гудман, лучшего в стране специалиста по выходу из самых сложных ситуаций. Адриан содержится под домашним арестом, а завтра состоится судебное заседание, поэтому вечером к нему приходит Вирджиния, чтобы придумать наилучшую стратегию защиты. Для неё это последнее дело, и она не собирается его проигрывать."
Хоббит: Битва пяти воинств,Новая Зеландия,фэнтези,2014,7.1,"Когда отряд из тринадцати гномов нанимал хоббита Бильбо Бэгинса в качестве взломщика и четырнадцатого, «счастливого», участника похода к Одинокой горе, Бильбо полагал, что его приключения закончатся, когда он выполнит свою задачу - найдет сокровище, которое так необходимо предводителю гномов Торину. Путешествие в Эребор, захваченное драконом Смаугом королевство гномов, оказалось еще более опасным, чем предполагали гномы и даже Гэндальф - мудрый волшебник, протянувший Торину и его отряду руку помощи."
Убить Билла 2,США,боевик,2004,7.1,"Убив двух человек из банды, Невеста лишь наполовину приблизилась к цели. Теперь на очереди Бад и Элли Драйвер. Еще два опасных шага перед последней схваткой, в которой она должна убить Билла."
Звук свободы,Мексика,драма,2023,7.1,"Оперативник Министерства внутренней безопасности Тим Баллард разочаровался в системе — много лет он выслеживал и ловил педофилов, но не вызволил из лап работорговцев ни одного ребёнка. Тим втирается в доверие к недавно пойманному распространителю детского порно, убеждает его, что он «свой», и вот уже из Мексики ему везут восьмилетнего мальчика. Маленький Мигель становится первым освобождённым из множества детей, проданных в сексуальное рабство в Латинской Америке, и Тим решает во что бы то ни стало разыскать его сестрёнку."
Безумный Макс: Дорога ярости,Австралия,боевик,2015,7.1,"Преследуемый призраками прошлого Макс уверен, что лучший способ выжить — скитаться в одиночестве. Но он попадает в плен и вынужденно присоединяется к бунтарям, бегущим через пустыню от тирании Несмертного Джо. Они забрали у него кое-что очень ценное, и разъярённый диктатор бросает все силы в погоню за мятежниками."
Мальчик в полосатой пижаме,Великобритания,драма,2008,7.1,"История, происходящая во время Второй мировой войны и показанная сквозь глаза невинного и ничего не подозревающего о происходящих событиях Бруно, восьмилетнего сына коменданта концентрационного лагеря. Его случайное знакомство и дружба с еврейским мальчиком по другую сторону ограды лагеря, в конечном счете, приводит к самым непредсказуемым и ошеломительным последствиям."
Гараж,СССР,драма,1979,7.1,"На заседании гаражного кооператива предстоит выбрать четырех «крайних», которые должны сами отказаться от будущего собственного гаража. Но выбора, в общем-то, и нет — правление кооператива уже составило список сокращаемых, который собранию надо лишь утвердить."
Мементо,США,триллер,2000,7.1,"Леонард Шелби изысканно и дорого одет, ездит на новеньком «Ягуаре», но останавливается в дешевых мотелях. Он всеми силами пытается найти убийцу жены. Его проблема — редкая форма амнезии, потеря короткой памяти — помня все до убийства, он не помнит, что было 15 минут назад."
Невидимая сторона,США,драма,2009,7.1,"Благополучная белая семья берет к себе толстого, неграмотного бездомного темнокожего подростка и помогает стать ему спортивной звездой, и поступить в университет."
Темные воды,США,драма,2019,7.1,"Адвокат Роберт Билотт выступает с обвинением в суде против компании DuPont, которая десятилетиями цинично травила людей, загрязняя химикатами питьевую воду. Он ведет это дело 19 лет. Сможет ли он пролить свет на правду?"
Оппенгеймер,США,биография,2023,7.1,"История жизни американского физика-теоретика Роберта Оппенгеймера, который во времена Второй мировой войны руководил Манхэттенским проектом — секретными разработками ядерного оружия."
Рэмбо: Первая кровь,США,боевик,1982,7.1,"Ветеран войны во Вьетнаме Джон Рэмбо путешествует по стране, навещая боевых товарищей. В небольшом городке его арестовывает «за бродяжничество» шериф Тисл, который считает, что таким, как Рэмбо, здесь не место. В участке Джон подвергается унижениям и жестокому обращению со стороны местных полицейских, и, не выдержав издевательств, нападает на стражей порядка, совершает побег и скрывается в близлежащих лесах. Тисл вместе с коллегами бросаются в погоню, ещё не подозревая, что их противник — бывший боец элитного спецотряда «Зелёные береты» и специалист по ведению боевых действий и партизанской войны."
Запах женщины,США,драма,1992,7.1,"Наступил День благодарения, и отставной полковник разведки Фрэнк Слэйд решает справить праздник, побаловав себя поездкой в Нью-Йорк. Фрэнк хочет обставить свой последний «коронный выход» по высшему разряду: изысканный отель, шикарный лимузин, дорогая выпивка и женщины потрясающей красоты."
Гарри Поттер и Принц-полукровка,Великобритания,фэнтези,2009,7.1,"Теперь не только мир волшебников, но и мир маглов ощущает на себе всевозрастающую силу Волан-де-Морта, а Хогвартс уже никак не назовешь надежным убежищем. Гарри подозревает, что в самом замке затаилась некая опасность, но Дамблдор больше сосредоточен на том, чтобы подготовить его к финальной схватке, которая, как он знает, уже не за горами. Вместе они пытаются разгадать секрет бессмертия Волан-де-Морта, а для этого Дамблдор приглашает на должность преподавателя по зельеварению своего старинного друга и коллегу — профессора Горация Слизнорта."
Однажды в… Голливуде,США,драма,2019,7.1,"1969 год, золотой век Голливуда уже закончился. Известный актёр Рик Далтон и его дублер Клифф Бут пытаются найти свое место в стремительно меняющемся мире киноиндустрии."
